model,frame_index,inference_ms
MediaPipe,0,16.67112500035728
MediaPipe,1,16.212915999858524
MediaPipe,2,16.153667000253336
MediaPipe,3,16.519165999852703
MediaPipe,4,16.35520800118684
MediaPipe,5,16.757708999648457
MediaPipe,6,16.955916998995235
MediaPipe,7,16.818707999846083
MediaPipe,8,16.354499999579275
MediaPipe,9,16.7797909998626
MediaPipe,10,16.72054200025741
MediaPipe,11,16.708708000805927
MediaPipe,12,16.977416998997796
MediaPipe,13,16.69779199983168
MediaPipe,14,16.61695800066809
MediaPipe,15,16.324250000252505
MediaPipe,16,16.47495800170873
MediaPipe,17,16.230250001171953
MediaPipe,18,16.495541000040248
MediaPipe,19,16.647374999593012
MediaPipe,20,16.286374999253894
MediaPipe,21,16.220584000620875
MediaPipe,22,16.645957999571692
MediaPipe,23,16.44016700083739
MediaPipe,24,16.42008299859299
MediaPipe,25,16.94554099958623
MediaPipe,26,16.6352080013894
MediaPipe,27,16.648582999550854
MediaPipe,28,16.448541999125155
MediaPipe,29,16.78166700003203
MediaPipe,30,16.674500000590342
MediaPipe,31,16.754791999119334
MediaPipe,32,17.028124999342253
MediaPipe,33,16.343625000445172
MediaPipe,34,16.62008300081652
MediaPipe,35,16.65941700048279
MediaPipe,36,16.790792000392685
MediaPipe,37,16.735707999032456
MediaPipe,38,16.7606250015524
MediaPipe,39,16.690874999767402
MediaPipe,40,17.24537500012957
MediaPipe,41,16.89404100034153
MediaPipe,42,16.707624999980908
MediaPipe,43,16.770499998528976
MediaPipe,44,16.897792000236223
MediaPipe,45,17.0473750004021
MediaPipe,46,16.79008300015994
MediaPipe,47,17.222874999788473
MediaPipe,48,17.17320899842889
MediaPipe,49,16.633540999464458
MediaPipe,50,16.592416999628767
MediaPipe,51,17.097333000492654
MediaPipe,52,16.721209000024828
MediaPipe,53,16.842499999256688
MediaPipe,54,16.595584000242525
MediaPipe,55,16.237083000305574
MediaPipe,56,17.20937499885622
MediaPipe,57,16.52808300059405
MediaPipe,58,17.151415999251185
MediaPipe,59,17.093583001042134
MediaPipe,60,16.979125000943895
MediaPipe,61,16.831582999657257
MediaPipe,62,16.809165999802644
MediaPipe,63,16.479374999107677
MediaPipe,64,16.456916000606725
MediaPipe,65,16.51208299881546
MediaPipe,66,16.339332998541067
MediaPipe,67,16.172374998859596
MediaPipe,68,16.098750000310247
MediaPipe,69,16.46370799971919
MediaPipe,70,16.555624999455176
MediaPipe,71,16.523374999451335
MediaPipe,72,16.493625000293832
MediaPipe,73,16.507457999978215
MediaPipe,74,16.622999999526655
MediaPipe,75,16.581916001086938
MediaPipe,76,16.102042000056827
MediaPipe,77,16.584332999627804
MediaPipe,78,16.394374999435968
MediaPipe,79,16.4796250010113
MediaPipe,80,16.34845800072071
MediaPipe,81,16.46283399895765
MediaPipe,82,16.2622919997375
MediaPipe,83,16.360334000637522
MediaPipe,84,16.298999998980435
MediaPipe,85,16.261541999483597
MediaPipe,86,16.271917000267422
MediaPipe,87,16.533041998627596
MediaPipe,88,16.541125000003376
MediaPipe,89,16.407000000981498
MediaPipe,90,16.578832999584847
MediaPipe,91,16.44470900100714
MediaPipe,92,16.63729200117814
MediaPipe,93,16.812707999633858
MediaPipe,94,16.691250000803848
MediaPipe,95,16.628915998808225
MediaPipe,96,16.87412499995844
MediaPipe,97,16.585125000347034
MediaPipe,98,16.613625000900356
MediaPipe,99,16.588083999522496
MediaPipe,100,16.512165999301942
MediaPipe,101,16.30062499862106
MediaPipe,102,16.469833000883227
MediaPipe,103,16.516792000402347
MediaPipe,104,16.551917000469984
MediaPipe,105,16.524499998922693
MediaPipe,106,16.558916999201756
MediaPipe,107,16.366165998988436
MediaPipe,108,16.490415999214747
MediaPipe,109,16.551124999750755
MoveNet,0,26.806500000020606
MoveNet,1,27.503625000463217
MoveNet,2,27.45195799980138
MoveNet,3,28.54566699897987
MoveNet,4,28.627125000639353
MoveNet,5,27.055958000346436
MoveNet,6,28.60112499911338
MoveNet,7,27.792166998551693
MoveNet,8,27.80779099884967
MoveNet,9,26.332333000027575
MoveNet,10,28.06845800114388
MoveNet,11,27.670499999658205
MoveNet,12,26.9064169988269
MoveNet,13,27.28854099950695
MoveNet,14,26.321833000110928
MoveNet,15,28.65912500055856
MoveNet,16,27.708875000826083
MoveNet,17,27.396875000704313
MoveNet,18,27.981417000773945
MoveNet,19,27.116999999634572
MoveNet,20,28.196416000355384
MoveNet,21,25.233500000467757
MoveNet,22,29.264499999044347
MoveNet,23,27.27479100030905
MoveNet,24,25.877041000057943
MoveNet,25,27.707416998964618
MoveNet,26,26.748999998744694
MoveNet,27,26.19862500068848
MoveNet,28,26.792624999870895
MoveNet,29,27.20062499975029
MoveNet,30,27.255791999778012
MoveNet,31,27.969916998699773
MoveNet,32,28.10933299952012
MoveNet,33,27.43654199912271
MoveNet,34,26.5697499999078
MoveNet,35,27.774374999353313
MoveNet,36,27.973415999440476
MoveNet,37,27.198957999644335
MoveNet,38,29.213207999418955
MoveNet,39,26.816625000719796
MoveNet,40,27.94233299937332
MoveNet,41,26.1493750003865
MoveNet,42,28.58395800103608
MoveNet,43,26.856582999243983
MoveNet,44,27.65170800012129
MoveNet,45,28.200665999975172
MoveNet,46,27.82900000056543
MoveNet,47,28.139000000010128
MoveNet,48,27.542792000531335
MoveNet,49,25.544583999362658
MoveNet,50,28.148584000518895
MoveNet,51,27.53149999989546
MoveNet,52,29.591542001071502
MoveNet,53,29.523874998631072
MoveNet,54,27.508125000167638
MoveNet,55,28.1102919998375
MoveNet,56,30.217542000173125
MoveNet,57,28.489250000347965
MoveNet,58,29.522082999392296
MoveNet,59,26.62087499993504
MoveNet,60,26.81174999997893
MoveNet,61,29.02962500047579
MoveNet,62,28.935416999956942
MoveNet,63,28.07658299934701
MoveNet,64,27.879250001205946
MoveNet,65,26.803208000274026
MoveNet,66,30.035707999559236
MoveNet,67,28.269417000046815
MoveNet,68,28.841166998972767
MoveNet,69,28.569250000145985
MoveNet,70,26.86691700000665
MoveNet,71,27.47362499940209
MoveNet,72,27.85204100109695
MoveNet,73,28.96883399989747
MoveNet,74,26.876709000134724
MoveNet,75,28.519958999822848
MoveNet,76,27.397166999435285
MoveNet,77,30.710875000295346
MoveNet,78,26.268084000548697
MoveNet,79,27.473541998915607
MoveNet,80,28.7007499991887
MoveNet,81,30.226082999433856
MoveNet,82,28.65758299958543
MoveNet,83,27.578709001318202
MoveNet,84,28.735333999065915
MoveNet,85,28.056375000232947
MoveNet,86,28.45412499846134
MoveNet,87,29.47216699976707
MoveNet,88,28.33404200100631
MoveNet,89,29.538999999203952
MoveNet,90,29.612916998303263
MoveNet,91,30.330375000630738
MoveNet,92,29.639416999998502
MoveNet,93,29.532750000726082
MoveNet,94,28.219624999110238
MoveNet,95,29.08266699887463
MoveNet,96,27.695291999407345
MoveNet,97,27.858417000970803
MoveNet,98,28.810915999201825
MoveNet,99,29.339542001252994
MoveNet,100,31.388708001031773
MoveNet,101,30.10554199863691
MoveNet,102,31.808917001399095
MoveNet,103,29.26195899999584
MoveNet,104,28.426292001313413
MoveNet,105,28.667374999713502
MoveNet,106,30.388874998607207
MoveNet,107,30.177624999851105
MoveNet,108,31.293583000660874
MoveNet,109,32.30324999822187
RTMPose,0,18.588417000501067
RTMPose,1,18.567082999652484
RTMPose,2,18.537124999056687
RTMPose,3,18.645707999894512
RTMPose,4,18.625415999849793
RTMPose,5,18.552249999629566
RTMPose,6,18.598750000819564
RTMPose,7,18.651000000318163
RTMPose,8,18.55795799929183
RTMPose,9,18.570874999568332
RTMPose,10,18.572666998807108
RTMPose,11,18.63404100004118
RTMPose,12,18.572916998891742
RTMPose,13,18.594084000142175
RTMPose,14,18.60766600111674
RTMPose,15,18.570166999779758
RTMPose,16,18.593291999422945
RTMPose,17,18.747542000710382
RTMPose,18,18.630500000654138
RTMPose,19,18.633790999956545
RTMPose,20,18.655666999620735
RTMPose,21,18.60612499876879
RTMPose,22,18.50108399958117
RTMPose,23,18.674707998798112
RTMPose,24,18.61749999989115
RTMPose,25,18.5568750002858
RTMPose,26,18.53174999996554
RTMPose,27,18.645041000127094
RTMPose,28,18.582665999929304
RTMPose,29,18.566332999398583
RTMPose,30,18.50399999966612
RTMPose,31,18.581000000267522
RTMPose,32,18.59899999908521
RTMPose,33,18.508791999920504
RTMPose,34,18.513625000196043
RTMPose,35,18.614625001646345
RTMPose,36,18.553042000348796
RTMPose,37,18.56199999929231
RTMPose,38,18.547290999777033
RTMPose,39,18.579542000225047
RTMPose,40,18.553542000518064
RTMPose,41,18.592166999951587
RTMPose,42,18.647332999535138
RTMPose,43,18.52508400043007
RTMPose,44,18.6770410000463
RTMPose,45,18.62049999908777
RTMPose,46,18.65354099936667
RTMPose,47,18.519082999773673
RTMPose,48,18.558915999165038
RTMPose,49,18.61879199896066
RTMPose,50,18.540415998359094
RTMPose,51,18.609624999953667
RTMPose,52,18.505209000068135
RTMPose,53,18.48983299896645
RTMPose,54,18.534541999542853
RTMPose,55,18.654833000255167
RTMPose,56,18.554042000687332
RTMPose,57,18.579707999379025
RTMPose,58,18.548833999375347
RTMPose,59,18.541792000178248
RTMPose,60,18.641124999703607
RTMPose,61,18.50979200025904
RTMPose,62,18.590957999549573
RTMPose,63,18.564250000054017
RTMPose,64,18.58491700113518
RTMPose,65,18.618500000229687
RTMPose,66,18.530540999563527
RTMPose,67,18.536666999352747
RTMPose,68,18.528874999901745
RTMPose,69,18.56045900058234
RTMPose,70,18.57479099999182
RTMPose,71,18.557999999757158
RTMPose,72,18.536833998950897
RTMPose,73,18.52833399971132
RTMPose,74,18.657708998944145
RTMPose,75,18.562875000498025
RTMPose,76,18.465541001205565
RTMPose,77,18.561291999503737
RTMPose,78,18.582874999992782
RTMPose,79,18.57245799874363
RTMPose,80,18.700292001085472
RTMPose,81,18.567249999250635
RTMPose,82,18.535875000452506
RTMPose,83,18.868041001042002
RTMPose,84,18.686999999772524
RTMPose,85,17.93891600027564
RTMPose,86,18.665166000573663
RTMPose,87,18.580457999632927
RTMPose,88,18.514041001253645
RTMPose,89,18.53424999899289
RTMPose,90,18.558208999820636
RTMPose,91,18.616084000314004
RTMPose,92,18.54112500041083
RTMPose,93,18.53533299981791
RTMPose,94,19.037457999729668
RTMPose,95,19.93183400009002
RTMPose,96,20.33254100024351
RTMPose,97,19.199083000785322
RTMPose,98,18.77595899895823
RTMPose,99,17.991832999541657
RTMPose,100,18.71000000028289
RTMPose,101,18.646250000529108
RTMPose,102,18.57870899948466
RTMPose,103,18.57541599929391
RTMPose,104,18.59350000086124
RTMPose,105,18.62625000103435
RTMPose,106,18.528165999669
RTMPose,107,18.62312499906693
RTMPose,108,18.55358300053922
RTMPose,109,18.597166999825276
MeTRAbs,0,598.4927499994228
MeTRAbs,1,660.2449999991222
MeTRAbs,2,607.3618749996967
MeTRAbs,3,613.2608339994476
MeTRAbs,4,591.8302919999405
MeTRAbs,5,585.3436249999504
MeTRAbs,6,610.8731250005803
MeTRAbs,7,594.6383330010576
MeTRAbs,8,601.2592080005561
MeTRAbs,9,593.3027089995448
MeTRAbs,10,594.4768749996001
MeTRAbs,11,599.7457089997624
MeTRAbs,12,601.6972079996776
MeTRAbs,13,606.6978329999984
MeTRAbs,14,610.4863750006189
MeTRAbs,15,602.6232909989631
MeTRAbs,16,610.9826250012702
MeTRAbs,17,600.3803750008956
MeTRAbs,18,602.1698749991629
MeTRAbs,19,615.8412080003473
MeTRAbs,20,604.4266250009969
MeTRAbs,21,607.7892079993035
MeTRAbs,22,605.1461250008288
MeTRAbs,23,603.6706670001877
MeTRAbs,24,603.1320830006734
MeTRAbs,25,611.1605410005723
MeTRAbs,26,602.862665999055
MeTRAbs,27,648.8787919988681
MeTRAbs,28,619.0388750001148
MeTRAbs,29,608.7196249991393
MeTRAbs,30,612.0609999998123
MeTRAbs,31,609.9207080005726
MeTRAbs,32,619.2222500012576
MeTRAbs,33,604.0138749995094
MeTRAbs,34,621.0613750008633
MeTRAbs,35,619.7278750005353
MeTRAbs,36,613.7604159994225
MeTRAbs,37,622.5953330012999
MeTRAbs,38,613.6467920005089
MeTRAbs,39,617.2963339995476
MeTRAbs,40,616.6849580004055
MeTRAbs,41,630.9136250001757
MeTRAbs,42,638.4324169994215
MeTRAbs,43,629.0087079996738
MeTRAbs,44,618.9275000015186
MeTRAbs,45,627.6473750003788
MeTRAbs,46,628.8041249990783
MeTRAbs,47,638.1656659996224
MeTRAbs,48,635.5714590008574
MeTRAbs,49,635.1497499999823
MeTRAbs,50,604.1746669998247
MeTRAbs,51,620.4872920006892
MeTRAbs,52,626.726458000121
MeTRAbs,53,694.386666000355
MeTRAbs,54,630.9549580000748
MeTRAbs,55,640.1350839987572
MeTRAbs,56,664.8270000005141
MeTRAbs,57,635.5328749996261
MeTRAbs,58,625.9772920002433
MeTRAbs,59,645.2326250000624
MeTRAbs,60,629.6765840015723
MeTRAbs,61,639.9639169994771
MeTRAbs,62,651.4607919998525
MeTRAbs,63,635.6901669987565
MeTRAbs,64,629.0900830008468
MeTRAbs,65,645.4380830000446
MeTRAbs,66,655.4546660008782
MeTRAbs,67,640.7627090011374
MeTRAbs,68,664.2608330002986
MeTRAbs,69,649.883582998882
MeTRAbs,70,628.0167090008035
MeTRAbs,71,641.1912089988618
MeTRAbs,72,640.6989999995858
MeTRAbs,73,639.8032910001348
MeTRAbs,74,657.429291999506
MeTRAbs,75,644.516874999681
MeTRAbs,76,637.2887910001737
MeTRAbs,77,664.1299170005368
MeTRAbs,78,691.1684999995487
MeTRAbs,79,636.4050830015913
MeTRAbs,80,652.4187499999243
MeTRAbs,81,626.7428329992981
MeTRAbs,82,646.3611250001122
MeTRAbs,83,646.6089170007763
MeTRAbs,84,618.3843340004387
MeTRAbs,85,661.101083000176
MeTRAbs,86,674.7865830002411
MeTRAbs,87,626.5555410009256
MeTRAbs,88,649.0534999993542
MeTRAbs,89,665.0602080007957
MeTRAbs,90,696.8057499998395
MeTRAbs,91,656.0104589989351
MeTRAbs,92,676.6442919997644
MeTRAbs,93,641.705500000171
MeTRAbs,94,753.9607920007256
MeTRAbs,95,681.9477499993809
MeTRAbs,96,699.190749999616
MeTRAbs,97,730.0810840006307
MeTRAbs,98,696.0463329996855
MeTRAbs,99,667.5364160000754
MeTRAbs,100,656.1149999997724
MeTRAbs,101,731.8726249995962
MeTRAbs,102,693.3378330013511
MeTRAbs,103,662.0158339992486
MeTRAbs,104,667.488291999689
MeTRAbs,105,669.605541999772
MeTRAbs,106,667.5883749994682
MeTRAbs,107,648.9900420001504
MeTRAbs,108,670.2618750005058
MeTRAbs,109,618.4214580007392
